ID;Condition;DLCFile;Session;Treatment;Dosage;TimePoint;Experiment;Animal;Sex;VideoFile
OFT_1;CSI;1_01_A_190507114629DeepCut_resnet50_Blockcourse1May9shuffle1_1030000.csv;PostCSI;Control;NA;NA;CSI_SA;CSI_SA_1;NA;OFT_1.mp4
OFT_2;CSI;19_02_A_190507123740DeepCut_resnet50_Blockcourse1May9shuffle1_1030000.csv;PostCSI;Control;NA;NA;CSI_SA;CSI_SA_2;NA;OFT_2.mp4
OFT_3;CSI;7_01_A_190507132652DeepCut_resnet50_Blockcourse1May9shuffle1_1030000.csv;PostCSI;Control;NA;NA;CSI_SA;CSI_SA_3;NA;OFT_3.mp4
OFT_4;CSI;24_02_A_190507141305DeepCut_resnet50_Blockcourse1May9shuffle1_1030000.csv;PostCSI;Control;NA;NA;CSI_SA;CSI_SA_4;NA;OFT_4.mp4
OFT_5;CSI;13_01_A_190507145949DeepCut_resnet50_Blockcourse1May9shuffle1_1030000.csv;PostCSI;Control;NA;NA;CSI_SA;CSI_SA_5;NA;OFT_5.mp4
OFT_6;CSI;17_02_A_190507120259DeepCut_resnet50_Blockcourse1May9shuffle1_1030000.csv;PostCSI;Control;NA;NA;CSI_SA;CSI_SA_6;NA;OFT_6.mp4
OFT_7;CSI;5_01_A_190507125512DeepCut_resnet50_Blockcourse1May9shuffle1_1030000.csv;PostCSI;Control;NA;NA;CSI_SA;CSI_SA_7;NA;OFT_7.mp4
OFT_8;CSI;22_02_A_190507134157DeepCut_resnet50_Blockcourse1May9shuffle1_1030000.csv;PostCSI;Control;NA;NA;CSI_SA;CSI_SA_8;NA;OFT_8.mp4
OFT_9;CSI;11_01_A_190507142850DeepCut_resnet50_Blockcourse1May9shuffle1_1030000.csv;PostCSI;Control;NA;NA;CSI_SA;CSI_SA_9;NA;OFT_9.mp4
OFT_10;CSI;28_02_A_190507151545DeepCut_resnet50_Blockcourse1May9shuffle1_1030000.csv;PostCSI;Control;NA;NA;CSI_SA;CSI_SA_10;NA;OFT_10.mp4
OFT_11;CSI;3_01_A_190507121945DeepCut_resnet50_Blockcourse1May9shuffle1_1030000.csv;PostCSI;Control;NA;NA;CSI_SA;CSI_SA_11;NA;OFT_11.mp4
OFT_12;CSI;21_02_A_190507131119DeepCut_resnet50_Blockcourse1May9shuffle1_1030000.csv;PostCSI;Control;NA;NA;CSI_SA;CSI_SA_12;NA;OFT_12.mp4
OFT_13;CSI;9_01_A_190507135719DeepCut_resnet50_Blockcourse1May9shuffle1_1030000.csv;PostCSI;Control;NA;NA;CSI_SA;CSI_SA_13;NA;OFT_13.mp4
OFT_14;CSI;26_02_A_190507144444DeepCut_resnet50_Blockcourse1May9shuffle1_1030000.csv;PostCSI;Control;NA;NA;CSI_SA;CSI_SA_14;NA;OFT_14.mp4
OFT_15;CSI;15_01_A_190507153142DeepCut_resnet50_Blockcourse1May9shuffle1_1030000.csv;PostCSI;Control;NA;NA;CSI_SA;CSI_SA_15;NA;OFT_15.mp4
OFT_16;CSI;48_04_A_190507123817DeepCut_resnet50_Blockcourse1May9shuffle1_1030000.csv;PostCSI;Control;NA;NA;CSI_SA;CSI_SA_16;NA;OFT_16.mp4
OFT_17;CSI;36_03_A_190507132711DeepCut_resnet50_Blockcourse1May9shuffle1_1030000.csv;PostCSI;Control;NA;NA;CSI_SA;CSI_SA_17;NA;OFT_17.mp4
OFT_18;CSI;54_04_A_190507141337DeepCut_resnet50_Blockcourse1May9shuffle1_1030000.csv;PostCSI;Control;NA;NA;CSI_SA;CSI_SA_18;NA;OFT_18.mp4
OFT_19;CSI;42_03_A_190507150017DeepCut_resnet50_Blockcourse1May9shuffle1_1030000.csv;PostCSI;Control;NA;NA;CSI_SA;CSI_SA_19;NA;OFT_19.mp4
OFT_20;CSI;30_03_A_190507114720DeepCut_resnet50_Blockcourse1May9shuffle1_1030000.csv;PostCSI;Control;NA;NA;CSI_SA;CSI_SA_20;NA;OFT_20.mp4
OFT_21;CSI;34_03_A_190507125548DeepCut_resnet50_Blockcourse1May9shuffle1_1030000.csv;PostCSI;Control;NA;NA;CSI_SA;CSI_SA_21;NA;OFT_21.mp4
OFT_22;CSI;52_04_A_190507134227DeepCut_resnet50_Blockcourse1May9shuffle1_1030000.csv;PostCSI;Control;NA;NA;CSI_SA;CSI_SA_22;NA;OFT_22.mp4
OFT_23;CSI;40_03_A_190507142917DeepCut_resnet50_Blockcourse1May9shuffle1_1030000.csv;PostCSI;Control;NA;NA;CSI_SA;CSI_SA_23;NA;OFT_23.mp4
OFT_24;CSI;58_04_A_190507151611DeepCut_resnet50_Blockcourse1May9shuffle1_1030000.csv;PostCSI;Control;NA;NA;CSI_SA;CSI_SA_24;NA;OFT_24.mp4
OFT_25;CSI;46_04_A_190507120344DeepCut_resnet50_Blockcourse1May9shuffle1_1030000.csv;PostCSI;Control;NA;NA;CSI_SA;CSI_SA_25;NA;OFT_25.mp4
OFT_26;CSI;32_03_A_190507122023DeepCut_resnet50_Blockcourse1May9shuffle1_1030000.csv;PostCSI;Control;NA;NA;CSI_SA;CSI_SA_26;NA;OFT_26.mp4
OFT_27;CSI;50_04_A_190507131154DeepCut_resnet50_Blockcourse1May9shuffle1_1030000.csv;PostCSI;Control;NA;NA;CSI_SA;CSI_SA_27;NA;OFT_27.mp4
OFT_28;CSI;38_03_A_190507135747DeepCut_resnet50_Blockcourse1May9shuffle1_1030000.csv;PostCSI;Control;NA;NA;CSI_SA;CSI_SA_28;NA;OFT_28.mp4
OFT_29;CSI;56_04_A_190507144511DeepCut_resnet50_Blockcourse1May9shuffle1_1030000.csv;PostCSI;Control;NA;NA;CSI_SA;CSI_SA_29;NA;OFT_29.mp4
OFT_30;CSI;44_03_A_190507153213DeepCut_resnet50_Blockcourse1May9shuffle1_1030000.csv;PostCSI;Control;NA;NA;CSI_SA;CSI_SA_30;NA;OFT_30.mp4
OFT_31;Control;16_02_A_190507114646DeepCut_resnet50_Blockcourse1May9shuffle1_1030000.csv;PostCSI;Control;NA;NA;CSI_SA;CSI_SA_31;NA;OFT_31.mp4
OFT_32;Control;4_01_A_190507123718DeepCut_resnet50_Blockcourse1May9shuffle1_1030000.csv;PostCSI;Control;NA;NA;CSI_SA;CSI_SA_32;NA;OFT_32.mp4
OFT_34;Control;10_01_A_190507141248DeepCut_resnet50_Blockcourse1May9shuffle1_1030000.csv;PostCSI;Control;NA;NA;CSI_SA;CSI_SA_34;NA;OFT_34.mp4
OFT_35;Control;27_02_A_190507150003DeepCut_resnet50_Blockcourse1May9shuffle1_1030000.csv;PostCSI;Control;NA;NA;CSI_SA;CSI_SA_35;NA;OFT_35.mp4
OFT_36;Control;2_01_A_190507120240DeepCut_resnet50_Blockcourse1May9shuffle1_1030000.csv;PostCSI;Control;NA;NA;CSI_SA;CSI_SA_36;NA;OFT_36.mp4
OFT_37;Control;20_02_A_190507125529DeepCut_resnet50_Blockcourse1May9shuffle1_1030000.csv;PostCSI;Control;NA;NA;CSI_SA;CSI_SA_37;NA;OFT_37.mp4
OFT_38;Control;8_01_A_190507134142DeepCut_resnet50_Blockcourse1May9shuffle1_1030000.csv;PostCSI;Control;NA;NA;CSI_SA;CSI_SA_38;NA;OFT_38.mp4
OFT_39;Control;25_02_A_190507142904DeepCut_resnet50_Blockcourse1May9shuffle1_1030000.csv;PostCSI;Control;NA;NA;CSI_SA;CSI_SA_39;NA;OFT_39.mp4
OFT_40;Control;14_01_A_190507151530DeepCut_resnet50_Blockcourse1May9shuffle1_1030000.csv;PostCSI;Control;NA;NA;CSI_SA;CSI_SA_40;NA;OFT_40.mp4
OFT_41;Control;18_02_A_190507122004DeepCut_resnet50_Blockcourse1May9shuffle1_1030000.csv;PostCSI;Control;NA;NA;CSI_SA;CSI_SA_41;NA;OFT_41.mp4
OFT_42;Control;6_01_A_190507131058DeepCut_resnet50_Blockcourse1May9shuffle1_1030000.csv;PostCSI;Control;NA;NA;CSI_SA;CSI_SA_42;NA;OFT_42.mp4
OFT_43;Control;23_02_A_190507135734DeepCut_resnet50_Blockcourse1May9shuffle1_1030000.csv;PostCSI;Control;NA;NA;CSI_SA;CSI_SA_43;NA;OFT_43.mp4
OFT_44;Control;12_01_A_190507144429DeepCut_resnet50_Blockcourse1May9shuffle1_1030000.csv;PostCSI;Control;NA;NA;CSI_SA;CSI_SA_44;NA;OFT_44.mp4
OFT_45;Control;59_04_A_190507153228DeepCut_resnet50_Blockcourse1May9shuffle1_1030000.csv;PostCSI;Control;NA;NA;CSI_SA;CSI_SA_45;NA;OFT_45.mp4
OFT_46;Control;33_03_A_190507123759DeepCut_resnet50_Blockcourse1May9shuffle1_1030000.csv;PostCSI;Control;NA;NA;CSI_SA;CSI_SA_46;NA;OFT_46.mp4
OFT_47;Control;51_04_A_190507132728DeepCut_resnet50_Blockcourse1May9shuffle1_1030000.csv;PostCSI;Control;NA;NA;CSI_SA;CSI_SA_47;NA;OFT_47.mp4
OFT_48;Control;39_03_A_190507141319DeepCut_resnet50_Blockcourse1May9shuffle1_1030000.csv;PostCSI;Control;NA;NA;CSI_SA;CSI_SA_48;NA;OFT_48.mp4
OFT_49;Control;57_04_A_190507150030DeepCut_resnet50_Blockcourse1May9shuffle1_1030000.csv;PostCSI;Control;NA;NA;CSI_SA;CSI_SA_49;NA;OFT_49.mp4
OFT_50;Control;45_04_A_190507114741DeepCut_resnet50_Blockcourse1May9shuffle1_1030000.csv;PostCSI;Control;NA;NA;CSI_SA;CSI_SA_50;NA;OFT_50.mp4
OFT_51;Control;49_04_A_190507125609DeepCut_resnet50_Blockcourse1May9shuffle1_1030000.csv;PostCSI;Control;NA;NA;CSI_SA;CSI_SA_51;NA;OFT_51.mp4
OFT_52;Control;37_03_A_190507134213DeepCut_resnet50_Blockcourse1May9shuffle1_1030000.csv;PostCSI;Control;NA;NA;CSI_SA;CSI_SA_52;NA;OFT_52.mp4
OFT_53;Control;55_04_A_190507142930DeepCut_resnet50_Blockcourse1May9shuffle1_1030000.csv;PostCSI;Control;NA;NA;CSI_SA;CSI_SA_53;NA;OFT_53.mp4
OFT_54;Control;43_03_A_190507151557DeepCut_resnet50_Blockcourse1May9shuffle1_1030000.csv;PostCSI;Control;NA;NA;CSI_SA;CSI_SA_54;NA;OFT_54.mp4
OFT_55;Control;31_03_A_190507120320DeepCut_resnet50_Blockcourse1May9shuffle1_1030000.csv;PostCSI;Control;NA;NA;CSI_SA;CSI_SA_55;NA;OFT_55.mp4
OFT_56;Control;47_04_A_190507122047DeepCut_resnet50_Blockcourse1May9shuffle1_1030000.csv;PostCSI;Control;NA;NA;CSI_SA;CSI_SA_56;NA;OFT_56.mp4
OFT_57;Control;35_03_A_190507131135DeepCut_resnet50_Blockcourse1May9shuffle1_1030000.csv;PostCSI;Control;NA;NA;CSI_SA;CSI_SA_57;NA;OFT_57.mp4
OFT_58;Control;53_04_A_190507135800DeepCut_resnet50_Blockcourse1May9shuffle1_1030000.csv;PostCSI;Control;NA;NA;CSI_SA;CSI_SA_58;NA;OFT_58.mp4
OFT_59;Control;41_03_A_190507144457DeepCut_resnet50_Blockcourse1May9shuffle1_1030000.csv;PostCSI;Control;NA;NA;CSI_SA;CSI_SA_59;NA;OFT_59.mp4
OFT_60;Control;29_02_A_190507153158DeepCut_resnet50_Blockcourse1May9shuffle1_1030000.csv;PostCSI;Control;NA;NA;CSI_SA;CSI_SA_60;NA;OFT_60.mp4
SAOFTCSI_1;CSI;SAOFTCSI_1DeepCut_resnet50_Blockcourse1May9shuffle1_1030000.csv;PostSA;Control;NA;NA;CSI_SA;CSI_SA_1;NA;NA
SAOFTCSI_2;CSI;SAOFTCSI_2DeepCut_resnet50_Blockcourse1May9shuffle1_1030000.csv;PostSA;SA;NA;NA;CSI_SA;CSI_SA_2;NA;NA
SAOFTCSI_3;CSI;SAOFTCSI_3DeepCut_resnet50_Blockcourse1May9shuffle1_1030000.csv;PostSA;Control;NA;NA;CSI_SA;CSI_SA_3;NA;NA
SAOFTCSI_4;CSI;SAOFTCSI_4DeepCut_resnet50_Blockcourse1May9shuffle1_1030000.csv;PostSA;SA;NA;NA;CSI_SA;CSI_SA_4;NA;NA
SAOFTCSI_5;CSI;SAOFTCSI_5DeepCut_resnet50_Blockcourse1May9shuffle1_1030000.csv;PostSA;SA;NA;NA;CSI_SA;CSI_SA_5;NA;NA
SAOFTCSI_6;CSI;SAOFTCSI_6DeepCut_resnet50_Blockcourse1May9shuffle1_1030000.csv;PostSA;Control;NA;NA;CSI_SA;CSI_SA_6;NA;NA
SAOFTCSI_7;CSI;SAOFTCSI_7DeepCut_resnet50_Blockcourse1May9shuffle1_1030000.csv;PostSA;Control;NA;NA;CSI_SA;CSI_SA_7;NA;NA
SAOFTCSI_8;CSI;SAOFTCSI_8DeepCut_resnet50_Blockcourse1May9shuffle1_1030000.csv;PostSA;SA;NA;NA;CSI_SA;CSI_SA_8;NA;NA
SAOFTCSI_9;CSI;SAOFTCSI_9DeepCut_resnet50_Blockcourse1May9shuffle1_1030000.csv;PostSA;Control;NA;NA;CSI_SA;CSI_SA_9;NA;NA
SAOFTCSI_10;CSI;SAOFTCSI_10DeepCut_resnet50_Blockcourse1May9shuffle1_1030000.csv;PostSA;SA;NA;NA;CSI_SA;CSI_SA_10;NA;NA
SAOFTCSI_11;CSI;SAOFTCSI_11DeepCut_resnet50_Blockcourse1May9shuffle1_1030000.csv;PostSA;Control;NA;NA;CSI_SA;CSI_SA_11;NA;NA
SAOFTCSI_12;CSI;SAOFTCSI_12DeepCut_resnet50_Blockcourse1May9shuffle1_1030000.csv;PostSA;SA;NA;NA;CSI_SA;CSI_SA_12;NA;NA
SAOFTCSI_13;CSI;SAOFTCSI_13DeepCut_resnet50_Blockcourse1May9shuffle1_1030000.csv;PostSA;Control;NA;NA;CSI_SA;CSI_SA_13;NA;NA
SAOFTCSI_14;CSI;SAOFTCSI_14DeepCut_resnet50_Blockcourse1May9shuffle1_1030000.csv;PostSA;SA;NA;NA;CSI_SA;CSI_SA_14;NA;NA
SAOFTCSI_15;CSI;SAOFTCSI_15DeepCut_resnet50_Blockcourse1May9shuffle1_1030000.csv;PostSA;SA;NA;NA;CSI_SA;CSI_SA_15;NA;NA
SAOFTCSI_16;CSI;SAOFTCSI_16DeepCut_resnet50_Blockcourse1May9shuffle1_1030000.csv;PostSA;Control;NA;NA;CSI_SA;CSI_SA_16;NA;NA
SAOFTCSI_17;CSI;SAOFTCSI_17DeepCut_resnet50_Blockcourse1May9shuffle1_1030000.csv;PostSA;Control;NA;NA;CSI_SA;CSI_SA_17;NA;NA
SAOFTCSI_18;CSI;SAOFTCSI_18DeepCut_resnet50_Blockcourse1May9shuffle1_1030000.csv;PostSA;SA;NA;NA;CSI_SA;CSI_SA_18;NA;NA
SAOFTCSI_19;CSI;SAOFTCSI_19DeepCut_resnet50_Blockcourse1May9shuffle1_1030000.csv;PostSA;Control;NA;NA;CSI_SA;CSI_SA_19;NA;NA
SAOFTCSI_20;CSI;SAOFTCSI_20DeepCut_resnet50_Blockcourse1May9shuffle1_1030000.csv;PostSA;SA;NA;NA;CSI_SA;CSI_SA_20;NA;NA
SAOFTCSI_21;CSI;SAOFTCSI_21DeepCut_resnet50_Blockcourse1May9shuffle1_1030000.csv;PostSA;SA;NA;NA;CSI_SA;CSI_SA_21;NA;NA
SAOFTCSI_22;CSI;SAOFTCSI_22DeepCut_resnet50_Blockcourse1May9shuffle1_1030000.csv;PostSA;Control;NA;NA;CSI_SA;CSI_SA_22;NA;NA
SAOFTCSI_23;CSI;SAOFTCSI_23DeepCut_resnet50_Blockcourse1May9shuffle1_1030000.csv;PostSA;Control;NA;NA;CSI_SA;CSI_SA_23;NA;NA
SAOFTCSI_24;CSI;SAOFTCSI_24DeepCut_resnet50_Blockcourse1May9shuffle1_1030000.csv;PostSA;SA;NA;NA;CSI_SA;CSI_SA_24;NA;NA
SAOFTCSI_25;CSI;SAOFTCSI_25DeepCut_resnet50_Blockcourse1May9shuffle1_1030000.csv;PostSA;Control;NA;NA;CSI_SA;CSI_SA_25;NA;NA
SAOFTCSI_26;CSI;SAOFTCSI_26DeepCut_resnet50_Blockcourse1May9shuffle1_1030000.csv;PostSA;SA;NA;NA;CSI_SA;CSI_SA_26;NA;NA
SAOFTCSI_27;CSI;SAOFTCSI_27DeepCut_resnet50_Blockcourse1May9shuffle1_1030000.csv;PostSA;SA;NA;NA;CSI_SA;CSI_SA_27;NA;NA
SAOFTCSI_28;CSI;SAOFTCSI_28DeepCut_resnet50_Blockcourse1May9shuffle1_1030000.csv;PostSA;Control;NA;NA;CSI_SA;CSI_SA_28;NA;NA
SAOFTCSI_29;CSI;SAOFTCSI_29DeepCut_resnet50_Blockcourse1May9shuffle1_1030000.csv;PostSA;SA;NA;NA;CSI_SA;CSI_SA_29;NA;NA
SAOFTCSI_30;CSI;SAOFTCSI_30DeepCut_resnet50_Blockcourse1May9shuffle1_1030000.csv;PostSA;Control;NA;NA;CSI_SA;CSI_SA_30;NA;NA
SAOFTCSI_31;Control;SAOFTCSI_31DeepCut_resnet50_Blockcourse1May9shuffle1_1030000.csv;PostSA;Control;NA;NA;CSI_SA;CSI_SA_31;NA;NA
SAOFTCSI_32;Control;SAOFTCSI_32DeepCut_resnet50_Blockcourse1May9shuffle1_1030000.csv;PostSA;SA;NA;NA;CSI_SA;CSI_SA_32;NA;NA
SAOFTCSI_34;Control;SAOFTCSI_34DeepCut_resnet50_Blockcourse1May9shuffle1_1030000.csv;PostSA;SA;NA;NA;CSI_SA;CSI_SA_34;NA;NA
SAOFTCSI_35;Control;SAOFTCSI_35DeepCut_resnet50_Blockcourse1May9shuffle1_1030000.csv;PostSA;SA;NA;NA;CSI_SA;CSI_SA_35;NA;NA
SAOFTCSI_36;Control;SAOFTCSI_36DeepCut_resnet50_Blockcourse1May9shuffle1_1030000.csv;PostSA;Control;NA;NA;CSI_SA;CSI_SA_36;NA;NA
SAOFTCSI_37;Control;SAOFTCSI_37DeepCut_resnet50_Blockcourse1May9shuffle1_1030000.csv;PostSA;Control;NA;NA;CSI_SA;CSI_SA_37;NA;NA
SAOFTCSI_38;Control;SAOFTCSI_38DeepCut_resnet50_Blockcourse1May9shuffle1_1030000.csv;PostSA;SA;NA;NA;CSI_SA;CSI_SA_38;NA;NA
SAOFTCSI_39;Control;SAOFTCSI_39DeepCut_resnet50_Blockcourse1May9shuffle1_1030000.csv;PostSA;Control;NA;NA;CSI_SA;CSI_SA_39;NA;NA
SAOFTCSI_40;Control;SAOFTCSI_40DeepCut_resnet50_Blockcourse1May9shuffle1_1030000.csv;PostSA;SA;NA;NA;CSI_SA;CSI_SA_40;NA;NA
SAOFTCSI_41;Control;SAOFTCSI_41DeepCut_resnet50_Blockcourse1May9shuffle1_1030000.csv;PostSA;Control;NA;NA;CSI_SA;CSI_SA_41;NA;NA
SAOFTCSI_42;Control;SAOFTCSI_42DeepCut_resnet50_Blockcourse1May9shuffle1_1030000.csv;PostSA;SA;NA;NA;CSI_SA;CSI_SA_42;NA;NA
SAOFTCSI_43;Control;SAOFTCSI_43DeepCut_resnet50_Blockcourse1May9shuffle1_1030000.csv;PostSA;Control;NA;NA;CSI_SA;CSI_SA_43;NA;NA
SAOFTCSI_44;Control;SAOFTCSI_44DeepCut_resnet50_Blockcourse1May9shuffle1_1030000.csv;PostSA;SA;NA;NA;CSI_SA;CSI_SA_44;NA;NA
SAOFTCSI_45;Control;SAOFTCSI_45DeepCut_resnet50_Blockcourse1May9shuffle1_1030000.csv;PostSA;Control;NA;NA;CSI_SA;CSI_SA_45;NA;NA
SAOFTCSI_46;Control;SAOFTCSI_46DeepCut_resnet50_Blockcourse1May9shuffle1_1030000.csv;PostSA;SA;NA;NA;CSI_SA;CSI_SA_46;NA;NA
SAOFTCSI_47;Control;SAOFTCSI_47DeepCut_resnet50_Blockcourse1May9shuffle1_1030000.csv;PostSA;Control;NA;NA;CSI_SA;CSI_SA_47;NA;NA
SAOFTCSI_48;Control;SAOFTCSI_48DeepCut_resnet50_Blockcourse1May9shuffle1_1030000.csv;PostSA;SA;NA;NA;CSI_SA;CSI_SA_48;NA;NA
SAOFTCSI_49;Control;SAOFTCSI_49DeepCut_resnet50_Blockcourse1May9shuffle1_1030000.csv;PostSA;Control;NA;NA;CSI_SA;CSI_SA_49;NA;NA
SAOFTCSI_50;Control;SAOFTCSI_50DeepCut_resnet50_Blockcourse1May9shuffle1_1030000.csv;PostSA;SA;NA;NA;CSI_SA;CSI_SA_50;NA;NA
SAOFTCSI_51;Control;SAOFTCSI_51DeepCut_resnet50_Blockcourse1May9shuffle1_1030000.csv;PostSA;Control;NA;NA;CSI_SA;CSI_SA_51;NA;NA
SAOFTCSI_52;Control;SAOFTCSI_52DeepCut_resnet50_Blockcourse1May9shuffle1_1030000.csv;PostSA;SA;NA;NA;CSI_SA;CSI_SA_52;NA;NA
SAOFTCSI_53;Control;SAOFTCSI_53DeepCut_resnet50_Blockcourse1May9shuffle1_1030000.csv;PostSA;Control;NA;NA;CSI_SA;CSI_SA_53;NA;NA
SAOFTCSI_54;Control;SAOFTCSI_54DeepCut_resnet50_Blockcourse1May9shuffle1_1030000.csv;PostSA;SA;NA;NA;CSI_SA;CSI_SA_54;NA;NA
SAOFTCSI_55;Control;SAOFTCSI_55DeepCut_resnet50_Blockcourse1May9shuffle1_1030000.csv;PostSA;Control;NA;NA;CSI_SA;CSI_SA_55;NA;NA
SAOFTCSI_56;Control;SAOFTCSI_56DeepCut_resnet50_Blockcourse1May9shuffle1_1030000.csv;PostSA;SA;NA;NA;CSI_SA;CSI_SA_56;NA;NA
SAOFTCSI_57;Control;SAOFTCSI_57DeepCut_resnet50_Blockcourse1May9shuffle1_1030000.csv;PostSA;Control;NA;NA;CSI_SA;CSI_SA_57;NA;NA
SAOFTCSI_58;Control;SAOFTCSI_58DeepCut_resnet50_Blockcourse1May9shuffle1_1030000.csv;PostSA;SA;NA;NA;CSI_SA;CSI_SA_58;NA;NA
SAOFTCSI_59;Control;SAOFTCSI_59DeepCut_resnet50_Blockcourse1May9shuffle1_1030000.csv;PostSA;Control;NA;NA;CSI_SA;CSI_SA_59;NA;NA
SAOFTCSI_60;Control;SAOFTCSI_60DeepCut_resnet50_Blockcourse1May9shuffle1_1030000.csv;PostSA;SA;NA;NA;CSI_SA;CSI_SA_60;NA;NA
USSOFT1_1;Control;USSOFT1_1DeepCut_resnet50_Blockcourse1May9shuffle1_1030000.csv;FST45min;Control;NA;45min;FST;USS_1;NA;USSOFT1_1.mp4
USSOFT1_2;Control;USSOFT1_2DeepCut_resnet50_Blockcourse1May9shuffle1_1030000.csv;FST45min;Swim;NA;45min;FST;USS_2;NA;USSOFT1_2.mp4
USSOFT1_3;Control;USSOFT1_3DeepCut_resnet50_Blockcourse1May9shuffle1_1030000.csv;FST45min;Control;NA;45min;FST;USS_3;NA;USSOFT1_3.mp4
USSOFT1_4;Control;USSOFT1_4DeepCut_resnet50_Blockcourse1May9shuffle1_1030000.csv;FST45min;Swim;NA;45min;FST;USS_4;NA;USSOFT1_4.mp4
USSOFT1_5;Control;USSOFT1_5DeepCut_resnet50_Blockcourse1May9shuffle1_1030000.csv;FST45min;Swim;NA;45min;FST;USS_5;NA;USSOFT1_5.mp4
USSOFT1_6;Control;USSOFT1_6DeepCut_resnet50_Blockcourse1May9shuffle1_1030000.csv;FST45min;Control;NA;45min;FST;USS_6;NA;USSOFT1_6.mp4
USSOFT1_7;Control;USSOFT1_7DeepCut_resnet50_Blockcourse1May9shuffle1_1030000.csv;FST45min;Swim;NA;45min;FST;USS_7;NA;USSOFT1_7.mp4
USSOFT1_8;Control;USSOFT1_8DeepCut_resnet50_Blockcourse1May9shuffle1_1030000.csv;FST45min;Control;NA;45min;FST;USS_8;NA;USSOFT1_8.mp4
USSOFT1_9;Control;USSOFT1_9DeepCut_resnet50_Blockcourse1May9shuffle1_1030000.csv;FST45min;Control;NA;45min;FST;USS_9;NA;USSOFT1_9.mp4
USSOFT1_10;Control;USSOFT1_10DeepCut_resnet50_Blockcourse1May9shuffle1_1030000.csv;FST45min;Swim;NA;45min;FST;USS_10;NA;USSOFT1_10.mp4
USSOFT1_11;Control;USSOFT1_11DeepCut_resnet50_Blockcourse1May9shuffle1_1030000.csv;FST45min;Control;NA;45min;FST;USS_11;NA;USSOFT1_11.mp4
USSOFT1_12;Control;USSOFT1_12DeepCut_resnet50_Blockcourse1May9shuffle1_1030000.csv;FST45min;Swim;NA;45min;FST;USS_12;NA;USSOFT1_12.mp4
USSOFT1_13;Control;USSOFT1_13DeepCut_resnet50_Blockcourse1May9shuffle1_1030000.csv;FST45min;Swim;NA;45min;FST;USS_13;NA;USSOFT1_13.mp4
USSOFT1_14;Control;USSOFT1_14DeepCut_resnet50_Blockcourse1May9shuffle1_1030000.csv;FST45min;Control;NA;45min;FST;USS_14;NA;USSOFT1_14.mp4
USSOFT1_15;Control;USSOFT1_15DeepCut_resnet50_Blockcourse1May9shuffle1_1030000.csv;FST45min;Swim;NA;45min;FST;USS_15;NA;USSOFT1_15.mp4
USSOFT1_16;Control;USSOFT1_16DeepCut_resnet50_Blockcourse1May9shuffle1_1030000.csv;FST45min;Control;NA;45min;FST;USS_16;NA;USSOFT1_16.mp4
USSOFT1_17;Control;USSOFT1_17DeepCut_resnet50_Blockcourse1May9shuffle1_1030000.csv;FST45min;Control;NA;45min;FST;USS_17;NA;USSOFT1_17.mp4
USSOFT1_18;Control;USSOFT1_18DeepCut_resnet50_Blockcourse1May9shuffle1_1030000.csv;FST45min;Swim;NA;45min;FST;USS_18;NA;USSOFT1_18.mp4
USSOFT1_19;Control;USSOFT1_19DeepCut_resnet50_Blockcourse1May9shuffle1_1030000.csv;FST45min;Control;NA;45min;FST;USS_19;NA;USSOFT1_19.mp4
USSOFT1_20;Control;USSOFT1_20DeepCut_resnet50_Blockcourse1May9shuffle1_1030000.csv;FST45min;Swim;NA;45min;FST;USS_20;NA;USSOFT1_20.mp4
USSOFT1_21;Control;USSOFT1_21DeepCut_resnet50_Blockcourse1May9shuffle1_1030000.csv;FST45min;Swim;NA;45min;FST;USS_21;NA;USSOFT1_21.mp4
USSOFT1_22;Control;USSOFT1_22DeepCut_resnet50_Blockcourse1May9shuffle1_1030000.csv;FST45min;Control;NA;45min;FST;USS_22;NA;USSOFT1_22.mp4
USSOFT1_23;Control;USSOFT1_23DeepCut_resnet50_Blockcourse1May9shuffle1_1030000.csv;FST45min;Swim;NA;45min;FST;USS_23;NA;USSOFT1_23.mp4
USSOFT1_24;Control;USSOFT1_24DeepCut_resnet50_Blockcourse1May9shuffle1_1030000.csv;FST45min;Control;NA;45min;FST;USS_24;NA;USSOFT1_24.mp4
USSOFT1_25;Control;USSOFT1_25DeepCut_resnet50_Blockcourse1May9shuffle1_1030000.csv;FST45min;Control;NA;45min;FST;USS_25;NA;USSOFT1_25.mp4
USSOFT1_26;Control;USSOFT1_26DeepCut_resnet50_Blockcourse1May9shuffle1_1030000.csv;FST45min;Swim;NA;45min;FST;USS_26;NA;USSOFT1_26.mp4
USSOFT1_27;Control;USSOFT1_27DeepCut_resnet50_Blockcourse1May9shuffle1_1030000.csv;FST45min;Control;NA;45min;FST;USS_27;NA;USSOFT1_27.mp4
USSOFT1_28;Control;USSOFT1_28DeepCut_resnet50_Blockcourse1May9shuffle1_1030000.csv;FST45min;Swim;NA;45min;FST;USS_28;NA;USSOFT1_28.mp4
USSOFT1_29;Control;USSOFT1_29DeepCut_resnet50_Blockcourse1May9shuffle1_1030000.csv;FST45min;Swim;NA;45min;FST;USS_29;NA;USSOFT1_29.mp4
USSOFT1_30;Control;USSOFT1_30DeepCut_resnet50_Blockcourse1May9shuffle1_1030000.csv;FST45min;Control;NA;45min;FST;USS_30;NA;USSOFT1_30.mp4
USSOFT2_1;Control;USSOFT2_1DeepCut_resnet50_Blockcourse1May9shuffle1_1030000.csv;FST24h;Control;NA;24h;FST;USS_1;NA;USSOFT2_1.mp4
USSOFT2_2;Control;USSOFT2_2DeepCut_resnet50_Blockcourse1May9shuffle1_1030000.csv;FST24h;Swim;NA;24h;FST;USS_2;NA;USSOFT2_2.mp4
USSOFT2_3;Control;USSOFT2_3DeepCut_resnet50_Blockcourse1May9shuffle1_1030000.csv;FST24h;Control;NA;24h;FST;USS_3;NA;USSOFT2_3.mp4
USSOFT2_4;Control;USSOFT2_4DeepCut_resnet50_Blockcourse1May9shuffle1_1030000.csv;FST24h;Swim;NA;24h;FST;USS_4;NA;USSOFT2_4.mp4
USSOFT2_5;Control;USSOFT2_5DeepCut_resnet50_Blockcourse1May9shuffle1_1030000.csv;FST24h;Swim;NA;24h;FST;USS_5;NA;USSOFT2_5.mp4
USSOFT2_6;Control;USSOFT2_6DeepCut_resnet50_Blockcourse1May9shuffle1_1030000.csv;FST24h;Control;NA;24h;FST;USS_6;NA;USSOFT2_6.mp4
USSOFT2_7;Control;USSOFT2_7DeepCut_resnet50_Blockcourse1May9shuffle1_1030000.csv;FST24h;Swim;NA;24h;FST;USS_7;NA;USSOFT2_7.mp4
USSOFT2_8;Control;USSOFT2_8DeepCut_resnet50_Blockcourse1May9shuffle1_1030000.csv;FST24h;Control;NA;24h;FST;USS_8;NA;USSOFT2_8.mp4
USSOFT2_9;Control;USSOFT2_9DeepCut_resnet50_Blockcourse1May9shuffle1_1030000.csv;FST24h;Control;NA;24h;FST;USS_9;NA;USSOFT2_9.mp4
USSOFT2_10;Control;USSOFT2_10DeepCut_resnet50_Blockcourse1May9shuffle1_1030000.csv;FST24h;Swim;NA;24h;FST;USS_10;NA;USSOFT2_10.mp4
USSOFT2_11;Control;USSOFT2_11DeepCut_resnet50_Blockcourse1May9shuffle1_1030000.csv;FST24h;Control;NA;24h;FST;USS_11;NA;USSOFT2_11.mp4
USSOFT2_12;Control;USSOFT2_12DeepCut_resnet50_Blockcourse1May9shuffle1_1030000.csv;FST24h;Swim;NA;24h;FST;USS_12;NA;USSOFT2_12.mp4
USSOFT2_13;Control;USSOFT2_13DeepCut_resnet50_Blockcourse1May9shuffle1_1030000.csv;FST24h;Swim;NA;24h;FST;USS_13;NA;USSOFT2_13.mp4
USSOFT2_14;Control;USSOFT2_14DeepCut_resnet50_Blockcourse1May9shuffle1_1030000.csv;FST24h;Control;NA;24h;FST;USS_14;NA;USSOFT2_14.mp4
USSOFT2_15;Control;USSOFT2_15DeepCut_resnet50_Blockcourse1May9shuffle1_1030000.csv;FST24h;Swim;NA;24h;FST;USS_15;NA;USSOFT2_15.mp4
USSOFT2_16;Control;USSOFT2_16DeepCut_resnet50_Blockcourse1May9shuffle1_1030000.csv;FST24h;Control;NA;24h;FST;USS_16;NA;USSOFT2_16.mp4
USSOFT2_17;Control;USSOFT2_17DeepCut_resnet50_Blockcourse1May9shuffle1_1030000.csv;FST24h;Control;NA;24h;FST;USS_17;NA;USSOFT2_17.mp4
USSOFT2_18;Control;USSOFT2_18DeepCut_resnet50_Blockcourse1May9shuffle1_1030000.csv;FST24h;Swim;NA;24h;FST;USS_18;NA;USSOFT2_18.mp4
USSOFT2_19;Control;USSOFT2_19DeepCut_resnet50_Blockcourse1May9shuffle1_1030000.csv;FST24h;Control;NA;24h;FST;USS_19;NA;USSOFT2_19.mp4
USSOFT2_20;Control;USSOFT2_20DeepCut_resnet50_Blockcourse1May9shuffle1_1030000.csv;FST24h;Swim;NA;24h;FST;USS_20;NA;USSOFT2_20.mp4
USSOFT2_21;Control;USSOFT2_21DeepCut_resnet50_Blockcourse1May9shuffle1_1030000.csv;FST24h;Swim;NA;24h;FST;USS_21;NA;USSOFT2_21.mp4
USSOFT2_22;Control;USSOFT2_22DeepCut_resnet50_Blockcourse1May9shuffle1_1030000.csv;FST24h;Control;NA;24h;FST;USS_22;NA;USSOFT2_22.mp4
USSOFT2_23;Control;USSOFT2_23DeepCut_resnet50_Blockcourse1May9shuffle1_1030000.csv;FST24h;Swim;NA;24h;FST;USS_23;NA;USSOFT2_23.mp4
USSOFT2_24;Control;USSOFT2_24DeepCut_resnet50_Blockcourse1May9shuffle1_1030000.csv;FST24h;Control;NA;24h;FST;USS_24;NA;USSOFT2_24.mp4
USSOFT2_25;Control;USSOFT2_25DeepCut_resnet50_Blockcourse1May9shuffle1_1030000.csv;FST24h;Control;NA;24h;FST;USS_25;NA;USSOFT2_25.mp4
USSOFT2_26;Control;USSOFT2_26DeepCut_resnet50_Blockcourse1May9shuffle1_1030000.csv;FST24h;Swim;NA;24h;FST;USS_26;NA;USSOFT2_26.mp4
USSOFT2_27;Control;USSOFT2_27DeepCut_resnet50_Blockcourse1May9shuffle1_1030000.csv;FST24h;Control;NA;24h;FST;USS_27;NA;USSOFT2_27.mp4
USSOFT2_28;Control;USSOFT2_28DeepCut_resnet50_Blockcourse1May9shuffle1_1030000.csv;FST24h;Swim;NA;24h;FST;USS_28;NA;USSOFT2_28.mp4
USSOFT2_29;Control;USSOFT2_29DeepCut_resnet50_Blockcourse1May9shuffle1_1030000.csv;FST24h;Swim;NA;24h;FST;USS_29;NA;USSOFT2_29.mp4
USSOFT2_30;Control;USSOFT2_30DeepCut_resnet50_Blockcourse1May9shuffle1_1030000.csv;FST24h;Control;NA;24h;FST;USS_30;NA;USSOFT2_30.mp4
TH10;Tunnel;TH10DeepCut_resnet50_Blockcourse1May9shuffle1_1030000.csv;PreYoh;Control;NA;NA;Tun_Yoh;Tun_Yoh_665;NA;NA
TH11;Control;TH11DeepCut_resnet50_Blockcourse1May9shuffle1_1030000.csv;PreYoh;Control;NA;NA;Tun_Yoh;Tun_Yoh_650;NA;NA
TH12;Tunnel;TH12DeepCut_resnet50_Blockcourse1May9shuffle1_1030000.csv;PreYoh;Control;NA;NA;Tun_Yoh;Tun_Yoh_675;NA;NA
TH13;Tunnel;TH13DeepCut_resnet50_Blockcourse1May9shuffle1_1030000.csv;PreYoh;Control;NA;NA;Tun_Yoh;Tun_Yoh_655;NA;NA
TH14;Control;TH14DeepCut_resnet50_Blockcourse1May9shuffle1_1030000.csv;PreYoh;Control;NA;NA;Tun_Yoh;Tun_Yoh_681;NA;NA
TH15;Tunnel;TH15DeepCut_resnet50_Blockcourse1May9shuffle1_1030000.csv;PreYoh;Control;NA;NA;Tun_Yoh;Tun_Yoh_685;NA;NA
TH16;Control;TH16DeepCut_resnet50_Blockcourse1May9shuffle1_1030000.csv;PreYoh;Control;NA;NA;Tun_Yoh;Tun_Yoh_660;NA;NA
TH17;Control;TH17DeepCut_resnet50_Blockcourse1May9shuffle1_1030000.csv;PreYoh;Control;NA;NA;Tun_Yoh;Tun_Yoh_661;NA;NA
TH18;Tunnel;TH18DeepCut_resnet50_Blockcourse1May9shuffle1_1030000.csv;PreYoh;Control;NA;NA;Tun_Yoh;Tun_Yoh_686;NA;NA
TH19;Control;TH19DeepCut_resnet50_Blockcourse1May9shuffle1_1030000.csv;PreYoh;Control;NA;NA;Tun_Yoh;Tun_Yoh_670;NA;NA
TH1;Control;TH1DeepCut_resnet50_Blockcourse1May9shuffle1_1030000.csv;PreYoh;Control;NA;NA;Tun_Yoh;Tun_Yoh_649;NA;NA
TH20;Tunnel;TH20DeepCut_resnet50_Blockcourse1May9shuffle1_1030000.csv;PreYoh;Control;NA;NA;Tun_Yoh;Tun_Yoh_666;NA;NA
TH21;Tunnel;TH21DeepCut_resnet50_Blockcourse1May9shuffle1_1030000.csv;PreYoh;Control;NA;NA;Tun_Yoh;Tun_Yoh_687;NA;NA
TH22;Control;TH22DeepCut_resnet50_Blockcourse1May9shuffle1_1030000.csv;PreYoh;Control;NA;NA;Tun_Yoh;Tun_Yoh_651;NA;NA
TH23;Tunnel;TH23DeepCut_resnet50_Blockcourse1May9shuffle1_1030000.csv;PreYoh;Control;NA;NA;Tun_Yoh;Tun_Yoh_656;NA;NA
TH24;Control;TH24DeepCut_resnet50_Blockcourse1May9shuffle1_1030000.csv;PreYoh;Control;NA;NA;Tun_Yoh;Tun_Yoh_682;NA;NA
TH25;Control;TH25DeepCut_resnet50_Blockcourse1May9shuffle1_1030000.csv;PreYoh;Control;NA;NA;Tun_Yoh;Tun_Yoh_683;NA;NA
TH26;Tunnel;TH26DeepCut_resnet50_Blockcourse1May9shuffle1_1030000.csv;PreYoh;Control;NA;NA;Tun_Yoh;Tun_Yoh_676;NA;NA
TH27;Control;TH27DeepCut_resnet50_Blockcourse1May9shuffle1_1030000.csv;PreYoh;Control;NA;NA;Tun_Yoh;Tun_Yoh_671;NA;NA
TH28;Tunnel;TH28DeepCut_resnet50_Blockcourse1May9shuffle1_1030000.csv;PreYoh;Control;NA;NA;Tun_Yoh;Tun_Yoh_667;NA;NA
TH29;Tunnel;TH29DeepCut_resnet50_Blockcourse1May9shuffle1_1030000.csv;PreYoh;Control;NA;NA;Tun_Yoh;Tun_Yoh_677;NA;NA
TH2;Tunnel;TH2DeepCut_resnet50_Blockcourse1May9shuffle1_1030000.csv;PreYoh;Control;NA;NA;Tun_Yoh;Tun_Yoh_654;NA;NA
TH30;Control;TH30DeepCut_resnet50_Blockcourse1May9shuffle1_1030000.csv;PreYoh;Control;NA;NA;Tun_Yoh;Tun_Yoh_672;NA;NA
TH31;Tunnel;TH31DeepCut_resnet50_Blockcourse1May9shuffle1_1030000.csv;PreYoh;Control;NA;NA;Tun_Yoh;Tun_Yoh_688;NA;NA
TH32;Control;TH32DeepCut_resnet50_Blockcourse1May9shuffle1_1030000.csv;PreYoh;Control;NA;NA;Tun_Yoh;Tun_Yoh_652;NA;NA
TH33;Control;TH33DeepCut_resnet50_Blockcourse1May9shuffle1_1030000.csv;PreYoh;Control;NA;NA;Tun_Yoh;Tun_Yoh_673;NA;NA
TH34;Tunnel;TH34DeepCut_resnet50_Blockcourse1May9shuffle1_1030000.csv;PreYoh;Control;NA;NA;Tun_Yoh;Tun_Yoh_657;NA;NA
TH35;Control;TH35DeepCut_resnet50_Blockcourse1May9shuffle1_1030000.csv;PreYoh;Control;NA;NA;Tun_Yoh;Tun_Yoh_662;NA;NA
TH36;Tunnel;TH36DeepCut_resnet50_Blockcourse1May9shuffle1_1030000.csv;PreYoh;Control;NA;NA;Tun_Yoh;Tun_Yoh_678;NA;NA
TH37;Tunnel;TH37DeepCut_resnet50_Blockcourse1May9shuffle1_1030000.csv;PreYoh;Control;NA;NA;Tun_Yoh;Tun_Yoh_668;NA;NA
TH38;Control;TH38DeepCut_resnet50_Blockcourse1May9shuffle1_1030000.csv;PreYoh;Control;NA;NA;Tun_Yoh;Tun_Yoh_653;NA;NA
TH39;Tunnel;TH39DeepCut_resnet50_Blockcourse1May9shuffle1_1030000.csv;PreYoh;Control;NA;NA;Tun_Yoh;Tun_Yoh_658;NA;NA
TH3;Control;TH3DeepCut_resnet50_Blockcourse1May9shuffle1_1030000.csv;PreYoh;Control;NA;NA;Tun_Yoh;Tun_Yoh_669;NA;NA
TH40;Control;TH40DeepCut_resnet50_Blockcourse1May9shuffle1_1030000.csv;PreYoh;Control;NA;NA;Tun_Yoh;Tun_Yoh_663;NA;NA
TH4;Tunnel;TH4DeepCut_resnet50_Blockcourse1May9shuffle1_1030000.csv;PreYoh;Control;NA;NA;Tun_Yoh;Tun_Yoh_664;NA;NA
TH5;Tunnel;TH5DeepCut_resnet50_Blockcourse1May9shuffle1_1030000.csv;PreYoh;Control;NA;NA;Tun_Yoh;Tun_Yoh_684;NA;NA
TH6;Control;TH6DeepCut_resnet50_Blockcourse1May9shuffle1_1030000.csv;PreYoh;Control;NA;NA;Tun_Yoh;Tun_Yoh_659;NA;NA
TH7;Tunnel;TH7DeepCut_resnet50_Blockcourse1May9shuffle1_1030000.csv;PreYoh;Control;NA;NA;Tun_Yoh;Tun_Yoh_674;NA;NA
TH8;Control;TH8DeepCut_resnet50_Blockcourse1May9shuffle1_1030000.csv;PreYoh;Control;NA;NA;Tun_Yoh;Tun_Yoh_679;NA;NA
TH9;Control;TH9DeepCut_resnet50_Blockcourse1May9shuffle1_1030000.csv;PreYoh;Control;NA;NA;Tun_Yoh;Tun_Yoh_680;NA;NA
THYOFT10;Tunnel;THYOFT10DeepCut_resnet50_Blockcourse1May9shuffle1_1030000.csv;PostYoh;Saline;0;NA;Tun_Yoh;Tun_Yoh_665;NA;THYOFT10.mp4
THYOFT11;Control;THYOFT11DeepCut_resnet50_Blockcourse1May9shuffle1_1030000.csv;PostYoh;Saline;0;NA;Tun_Yoh;Tun_Yoh_650;NA;THYOFT11.mp4
THYOFT12;Tunnel;THYOFT12DeepCut_resnet50_Blockcourse1May9shuffle1_1030000.csv;PostYoh;Yohimbin;0.28;NA;Tun_Yoh;Tun_Yoh_675;NA;THYOFT12.mp4
THYOFT13;Tunnel;THYOFT13DeepCut_resnet50_Blockcourse1May9shuffle1_1030000.csv;PostYoh;Yohimbin;0.04;NA;Tun_Yoh;Tun_Yoh_655;NA;THYOFT13.mp4
THYOFT14;Control;THYOFT14DeepCut_resnet50_Blockcourse1May9shuffle1_1030000.csv;PostYoh;Yohimbin;0.04;NA;Tun_Yoh;Tun_Yoh_681;NA;THYOFT14.mp4
THYOFT15;Tunnel;THYOFT15DeepCut_resnet50_Blockcourse1May9shuffle1_1030000.csv;PostYoh;Yohimbin;0.16;NA;Tun_Yoh;Tun_Yoh_685;NA;THYOFT15.mp4
THYOFT16;Control;THYOFT16DeepCut_resnet50_Blockcourse1May9shuffle1_1030000.csv;PostYoh;Yohimbin;0.16;NA;Tun_Yoh;Tun_Yoh_660;NA;THYOFT16.mp4
THYOFT17;Control;THYOFT17DeepCut_resnet50_Blockcourse1May9shuffle1_1030000.csv;PostYoh;Saline;0;NA;Tun_Yoh;Tun_Yoh_661;NA;THYOFT17.mp4
THYOFT18;Tunnel;THYOFT18DeepCut_resnet50_Blockcourse1May9shuffle1_1030000.csv;PostYoh;Saline;0;NA;Tun_Yoh;Tun_Yoh_686;NA;THYOFT18.mp4
THYOFT19;Control;THYOFT19DeepCut_resnet50_Blockcourse1May9shuffle1_1030000.csv;PostYoh;Yohimbin;0.24;NA;Tun_Yoh;Tun_Yoh_670;NA;THYOFT19.mp4
THYOFT1;Control;THYOFT1DeepCut_resnet50_Blockcourse1May9shuffle1_1030000.csv;PostYoh;Saline;0;NA;Tun_Yoh;Tun_Yoh_649;NA;THYOFT1.mp4
THYOFT20;Tunnel;THYOFT20DeepCut_resnet50_Blockcourse1May9shuffle1_1030000.csv;PostYoh;Yohimbin;0.24;NA;Tun_Yoh;Tun_Yoh_666;NA;THYOFT20.mp4
THYOFT21;Tunnel;THYOFT21DeepCut_resnet50_Blockcourse1May9shuffle1_1030000.csv;PostYoh;Yohimbin;0.48;NA;Tun_Yoh;Tun_Yoh_687;NA;THYOFT21.mp4
THYOFT22;Control;THYOFT22DeepCut_resnet50_Blockcourse1May9shuffle1_1030000.csv;PostYoh;Yohimbin;0.48;NA;Tun_Yoh;Tun_Yoh_651;NA;THYOFT22.mp4
THYOFT23;Tunnel;THYOFT23DeepCut_resnet50_Blockcourse1May9shuffle1_1030000.csv;PostYoh;Yohimbin;0.12;NA;Tun_Yoh;Tun_Yoh_656;NA;THYOFT23.mp4
THYOFT24;Control;THYOFT24DeepCut_resnet50_Blockcourse1May9shuffle1_1030000.csv;PostYoh;Yohimbin;0.12;NA;Tun_Yoh;Tun_Yoh_682;NA;THYOFT24.mp4
THYOFT25;Control;THYOFT25DeepCut_resnet50_Blockcourse1May9shuffle1_1030000.csv;PostYoh;Yohimbin;0.56;NA;Tun_Yoh;Tun_Yoh_683;NA;THYOFT25.mp4
THYOFT26;Tunnel;THYOFT26DeepCut_resnet50_Blockcourse1May9shuffle1_1030000.csv;PostYoh;Yohimbin;0.56;NA;Tun_Yoh;Tun_Yoh_676;NA;THYOFT26.mp4
THYOFT27;Control;THYOFT27DeepCut_resnet50_Blockcourse1May9shuffle1_1030000.csv;PostYoh;Saline;0;NA;Tun_Yoh;Tun_Yoh_671;NA;THYOFT27.mp4
THYOFT28;Tunnel;THYOFT28DeepCut_resnet50_Blockcourse1May9shuffle1_1030000.csv;PostYoh;Saline;0;NA;Tun_Yoh;Tun_Yoh_667;NA;THYOFT28.mp4
THYOFT29;Tunnel;THYOFT29DeepCut_resnet50_Blockcourse1May9shuffle1_1030000.csv;PostYoh;Yohimbin;0.4;NA;Tun_Yoh;Tun_Yoh_677;NA;THYOFT29.mp4
THYOFT2;Tunnel;THYOFT2DeepCut_resnet50_Blockcourse1May9shuffle1_1030000.csv;PostYoh;Yohimbin;0.36;NA;Tun_Yoh;Tun_Yoh_654;NA;THYOFT2.mp4
THYOFT30;Control;THYOFT30DeepCut_resnet50_Blockcourse1May9shuffle1_1030000.csv;PostYoh;Yohimbin;0.4;NA;Tun_Yoh;Tun_Yoh_672;NA;THYOFT30.mp4
THYOFT31;Tunnel;THYOFT31DeepCut_resnet50_Blockcourse1May9shuffle1_1030000.csv;PostYoh;Yohimbin;0.32;NA;Tun_Yoh;Tun_Yoh_688;NA;THYOFT31.mp4
THYOFT32;Control;THYOFT32DeepCut_resnet50_Blockcourse1May9shuffle1_1030000.csv;PostYoh;Yohimbin;0.32;NA;Tun_Yoh;Tun_Yoh_652;NA;THYOFT32.mp4
THYOFT33;Control;THYOFT33DeepCut_resnet50_Blockcourse1May9shuffle1_1030000.csv;PostYoh;Saline;0;NA;Tun_Yoh;Tun_Yoh_673;NA;THYOFT33.mp4
THYOFT34;Tunnel;THYOFT34DeepCut_resnet50_Blockcourse1May9shuffle1_1030000.csv;PostYoh;Saline;0;NA;Tun_Yoh;Tun_Yoh_657;NA;THYOFT34.mp4
THYOFT35;Control;THYOFT35DeepCut_resnet50_Blockcourse1May9shuffle1_1030000.csv;PostYoh;Yohimbin;0.2;NA;Tun_Yoh;Tun_Yoh_662;NA;THYOFT35.mp4
THYOFT36;Tunnel;THYOFT36DeepCut_resnet50_Blockcourse1May9shuffle1_1030000.csv;PostYoh;Yohimbin;0.2;NA;Tun_Yoh;Tun_Yoh_678;NA;THYOFT36.mp4
THYOFT37;Tunnel;THYOFT37DeepCut_resnet50_Blockcourse1May9shuffle1_1030000.csv;PostYoh;Yohimbin;0.6;NA;Tun_Yoh;Tun_Yoh_668;NA;THYOFT37.mp4
THYOFT38;Control;THYOFT38DeepCut_resnet50_Blockcourse1May9shuffle1_1030000.csv;PostYoh;Yohimbin;0.6;NA;Tun_Yoh;Tun_Yoh_653;NA;THYOFT38.mp4
THYOFT39;Tunnel;THYOFT39DeepCut_resnet50_Blockcourse1May9shuffle1_1030000.csv;PostYoh;Yohimbin;0.52;NA;Tun_Yoh;Tun_Yoh_658;NA;THYOFT39.mp4
THYOFT3;Control;THYOFT3DeepCut_resnet50_Blockcourse1May9shuffle1_1030000.csv;PostYoh;Yohimbin;0.36;NA;Tun_Yoh;Tun_Yoh_669;NA;THYOFT3.mp4
THYOFT40;Control;THYOFT40DeepCut_resnet50_Blockcourse1May9shuffle1_1030000.csv;PostYoh;Yohimbin;0.52;NA;Tun_Yoh;Tun_Yoh_663;NA;THYOFT40.mp4
THYOFT4;Tunnel;THYOFT4DeepCut_resnet50_Blockcourse1May9shuffle1_1030000.csv;PostYoh;Saline;0;NA;Tun_Yoh;Tun_Yoh_664;NA;THYOFT4.mp4
THYOFT5;Tunnel;THYOFT5DeepCut_resnet50_Blockcourse1May9shuffle1_1030000.csv;PostYoh;Yohimbin;0.08;NA;Tun_Yoh;Tun_Yoh_684;NA;THYOFT5.mp4
THYOFT6;Control;THYOFT6DeepCut_resnet50_Blockcourse1May9shuffle1_1030000.csv;PostYoh;Yohimbin;0.08;NA;Tun_Yoh;Tun_Yoh_659;NA;THYOFT6.mp4
THYOFT7;Tunnel;THYOFT7DeepCut_resnet50_Blockcourse1May9shuffle1_1030000.csv;PostYoh;Yohimbin;0.44;NA;Tun_Yoh;Tun_Yoh_674;NA;THYOFT7.mp4
THYOFT8;Control;THYOFT8DeepCut_resnet50_Blockcourse1May9shuffle1_1030000.csv;PostYoh;Yohimbin;0.44;NA;Tun_Yoh;Tun_Yoh_679;NA;THYOFT8.mp4
THYOFT9;Control;THYOFT9DeepCut_resnet50_Blockcourse1May9shuffle1_1030000.csv;PostYoh;Yohimbin;0.28;NA;Tun_Yoh;Tun_Yoh_680;NA;THYOFT9.mp4
DREADD_1;Control;5_01_A_211019094550DeepCut_resnet50_Blockcourse1May9shuffle1_1030000.csv;DREADD;cloz;NA;NA;DREADD;DREADD_1;NA;5_01_A_211019094550.avi
DREADD_2;Control;9_02_A_211019094708DeepCut_resnet50_Blockcourse1May9shuffle1_1030000.csv;DREADD;saline;NA;NA;DREADD;DREADD_2;NA;9_02_A_211019094708.avi
DREADD_3;Control;13_03_A_211019094806DeepCut_resnet50_Blockcourse1May9shuffle1_1030000.csv;DREADD;cloz;NA;NA;DREADD;DREADD_3;NA;13_03_A_211019094806.avi
DREADD_4;Control;1_04_A_211019094936DeepCut_resnet50_Blockcourse1May9shuffle1_1030000.csv;DREADD;saline;NA;NA;DREADD;DREADD_4;NA;1_04_A_211019094936.avi
DREADD_5;Control;6_01_A_211019101628DeepCut_resnet50_Blockcourse1May9shuffle1_1030000.csv;DREADD;cloz;NA;NA;DREADD;DREADD_5;NA;6_01_A_211019101628.avi
DREADD_6;Control;10_02_A_211019101720DeepCut_resnet50_Blockcourse1May9shuffle1_1030000.csv;DREADD;saline;NA;NA;DREADD;DREADD_6;NA;10_02_A_211019101720.avi
DREADD_7;Control;14_03_A_211019101837DeepCut_resnet50_Blockcourse1May9shuffle1_1030000.csv;DREADD;cloz;NA;NA;DREADD;DREADD_7;NA;14_03_A_211019101837.avi
DREADD_8;Control;2_04_A_211019101947DeepCut_resnet50_Blockcourse1May9shuffle1_1030000.csv;DREADD;saline;NA;NA;DREADD;DREADD_8;NA;2_04_A_211019101947.avi
DREADD_9;Control;7_01_A_211019104726DeepCut_resnet50_Blockcourse1May9shuffle1_1030000.csv;DREADD;cloz;NA;NA;DREADD;DREADD_9;NA;7_01_A_211019104726.avi
DREADD_10;Control;11_02_A_211019104825DeepCut_resnet50_Blockcourse1May9shuffle1_1030000.csv;DREADD;cloz;NA;NA;DREADD;DREADD_10;NA;11_02_A_211019104825.avi
DREADD_11;Control;15_03_A_211019104928DeepCut_resnet50_Blockcourse1May9shuffle1_1030000.csv;DREADD;saline;NA;NA;DREADD;DREADD_11;NA;15_03_A_211019104928.avi
DREADD_12;Control;3_04_A_211019105030DeepCut_resnet50_Blockcourse1May9shuffle1_1030000.csv;DREADD;saline;NA;NA;DREADD;DREADD_12;NA;3_04_A_211019105030.avi
DREADD_13;Control;8_01_A_211019111817DeepCut_resnet50_Blockcourse1May9shuffle1_1030000.csv;DREADD;cloz;NA;NA;DREADD;DREADD_13;NA;8_01_A_211019111817.avi
DREADD_14;Control;12_02_A_211019111922DeepCut_resnet50_Blockcourse1May9shuffle1_1030000.csv;DREADD;saline;NA;NA;DREADD;DREADD_14;NA;12_02_A_211019111922.avi
DREADD_15;Control;16_03_A_211019112038DeepCut_resnet50_Blockcourse1May9shuffle1_1030000.csv;DREADD;saline;NA;NA;DREADD;DREADD_15;NA;16_03_A_211019112038.avi
DREADD_16;Control;4_04_A_211019112155DeepCut_resnet50_Blockcourse1May9shuffle1_1030000.csv;DREADD;cloz;NA;NA;DREADD;DREADD_16;NA;4_04_A_211019112155.avi
CRS1OFT1_1;Control;CRS1OFT1_1DeepCut_resnet50_Blockcourse1May9shuffle1_1030000.csv;CRS1;Restraint;NA;NA;CRS;CRS1OFT1_1;M;CRS1OFT1_1.avi
CRS1OFT1_3;Repeated;CRS1OFT1_3DeepCut_resnet50_Blockcourse1May9shuffle1_1030000.csv;CRS1;Restraint;NA;NA;CRS;CRS1OFT1_3;M;CRS1OFT1_3.avi
CRS1OFT1_4;Control;CRS1OFT1_4DeepCut_resnet50_Blockcourse1May9shuffle1_1030000.csv;CRS1;Restraint;NA;NA;CRS;CRS1OFT1_4;F;CRS1OFT1_4.avi
CRS1OFT1_6;Repeated;CRS1OFT1_6DeepCut_resnet50_Blockcourse1May9shuffle1_1030000.csv;CRS1;Restraint;NA;NA;CRS;CRS1OFT1_6;F;CRS1OFT1_6.avi
CRS1OFT1_7;Control;CRS1OFT1_7DeepCut_resnet50_Blockcourse1May9shuffle1_1030000.csv;CRS1;Restraint;NA;NA;CRS;CRS1OFT1_7;M;CRS1OFT1_7.avi
CRS1OFT1_9;Repeated;CRS1OFT1_9DeepCut_resnet50_Blockcourse1May9shuffle1_1030000.csv;CRS1;Restraint;NA;NA;CRS;CRS1OFT1_9;M;CRS1OFT1_9.avi
CRS1OFT1_10;Control;CRS1OFT1_10DeepCut_resnet50_Blockcourse1May9shuffle1_1030000.csv;CRS1;Restraint;NA;NA;CRS;CRS1OFT1_10;F;CRS1OFT1_10.avi
CRS1OFT1_12;Repeated;CRS1OFT1_12DeepCut_resnet50_Blockcourse1May9shuffle1_1030000.csv;CRS1;Restraint;NA;NA;CRS;CRS1OFT1_12;F;CRS1OFT1_12.avi
CRS1OFT1_13;Control;CRS1OFT1_13DeepCut_resnet50_Blockcourse1May9shuffle1_1030000.csv;CRS1;Restraint;NA;NA;CRS;CRS1OFT1_13;M;CRS1OFT1_13.avi
CRS1OFT1_15;Repeated;CRS1OFT1_15DeepCut_resnet50_Blockcourse1May9shuffle1_1030000.csv;CRS1;Restraint;NA;NA;CRS;CRS1OFT1_15;M;CRS1OFT1_15.avi
CRS1OFT1_16;Control;CRS1OFT1_16DeepCut_resnet50_Blockcourse1May9shuffle1_1030000.csv;CRS1;Restraint;NA;NA;CRS;CRS1OFT1_16;F;CRS1OFT1_16.avi
CRS1OFT1_18;Repeated;CRS1OFT1_18DeepCut_resnet50_Blockcourse1May9shuffle1_1030000.csv;CRS1;Restraint;NA;NA;CRS;CRS1OFT1_18;F;CRS1OFT1_18.avi
CRS1OFT1_19;Control;CRS1OFT1_19DeepCut_resnet50_Blockcourse1May9shuffle1_1030000.csv;CRS1;Restraint;NA;NA;CRS;CRS1OFT1_19;M;CRS1OFT1_19.avi
CRS1OFT1_21;Repeated;CRS1OFT1_21DeepCut_resnet50_Blockcourse1May9shuffle1_1030000.csv;CRS1;Restraint;NA;NA;CRS;CRS1OFT1_21;M;CRS1OFT1_21.avi
CRS1OFT1_22;Control;CRS1OFT1_22DeepCut_resnet50_Blockcourse1May9shuffle1_1030000.csv;CRS1;Restraint;NA;NA;CRS;CRS1OFT1_22;F;CRS1OFT1_22.avi
CRS1OFT1_24;Repeated;CRS1OFT1_24DeepCut_resnet50_Blockcourse1May9shuffle1_1030000.csv;CRS1;Restraint;NA;NA;CRS;CRS1OFT1_24;F;CRS1OFT1_24.avi
CRS1OFT1_25;Control;CRS1OFT1_25DeepCut_resnet50_Blockcourse1May9shuffle1_1030000.csv;CRS1;Restraint;NA;NA;CRS;CRS1OFT1_25;M;CRS1OFT1_25.avi
CRS1OFT1_27;Repeated;CRS1OFT1_27DeepCut_resnet50_Blockcourse1May9shuffle1_1030000.csv;CRS1;Restraint;NA;NA;CRS;CRS1OFT1_27;M;CRS1OFT1_27.avi
CRS1OFT1_28;Control;CRS1OFT1_28DeepCut_resnet50_Blockcourse1May9shuffle1_1030000.csv;CRS1;Restraint;NA;NA;CRS;CRS1OFT1_28;F;CRS1OFT1_28.avi
CRS1OFT1_30;Repeated;CRS1OFT1_30DeepCut_resnet50_Blockcourse1May9shuffle1_1030000.csv;CRS1;Restraint;NA;NA;CRS;CRS1OFT1_30;F;CRS1OFT1_30.avi
CRS1OFT1_31;Control;CRS1OFT1_31DeepCut_resnet50_Blockcourse1May9shuffle1_1030000.csv;CRS1;Restraint;NA;NA;CRS;CRS1OFT1_31;M;CRS1OFT1_31.avi
CRS1OFT1_33;Repeated;CRS1OFT1_33DeepCut_resnet50_Blockcourse1May9shuffle1_1030000.csv;CRS1;Restraint;NA;NA;CRS;CRS1OFT1_33;M;CRS1OFT1_33.avi
CRS1OFT1_34;Control;CRS1OFT1_34DeepCut_resnet50_Blockcourse1May9shuffle1_1030000.csv;CRS1;Restraint;NA;NA;CRS;CRS1OFT1_34;F;CRS1OFT1_34.avi
CRS1OFT1_36;Repeated;CRS1OFT1_36DeepCut_resnet50_Blockcourse1May9shuffle1_1030000.csv;CRS1;Restraint;NA;NA;CRS;CRS1OFT1_36;F;CRS1OFT1_36.avi
CRS1OFT1_37;Control;CRS1OFT1_37DeepCut_resnet50_Blockcourse1May9shuffle1_1030000.csv;CRS1;Restraint;NA;NA;CRS;CRS1OFT1_37;M;CRS1OFT1_37.avi
CRS1OFT1_39;Repeated;CRS1OFT1_39DeepCut_resnet50_Blockcourse1May9shuffle1_1030000.csv;CRS1;Restraint;NA;NA;CRS;CRS1OFT1_39;M;CRS1OFT1_39.avi
CRS1OFT1_40;Control;CRS1OFT1_40DeepCut_resnet50_Blockcourse1May9shuffle1_1030000.csv;CRS1;Restraint;NA;NA;CRS;CRS1OFT1_40;F;CRS1OFT1_40.avi
CRS1OFT1_42;Repeated;CRS1OFT1_42DeepCut_resnet50_Blockcourse1May9shuffle1_1030000.csv;CRS1;Restraint;NA;NA;CRS;CRS1OFT1_42;F;CRS1OFT1_42.avi
CRS1OFT1_43;Control;CRS1OFT1_43DeepCut_resnet50_Blockcourse1May9shuffle1_1030000.csv;CRS1;Restraint;NA;NA;CRS;CRS1OFT1_43;M;CRS1OFT1_43.avi
CRS1OFT1_45;Repeated;CRS1OFT1_45DeepCut_resnet50_Blockcourse1May9shuffle1_1030000.csv;CRS1;Restraint;NA;NA;CRS;CRS1OFT1_45;M;CRS1OFT1_45.avi
CRS1OFT1_46;Control;CRS1OFT1_46DeepCut_resnet50_Blockcourse1May9shuffle1_1030000.csv;CRS1;Restraint;NA;NA;CRS;CRS1OFT1_46;F;CRS1OFT1_46.avi
CRS1OFT1_48;Repeated;CRS1OFT1_48DeepCut_resnet50_Blockcourse1May9shuffle1_1030000.csv;CRS1;Restraint;NA;NA;CRS;CRS1OFT1_48;F;CRS1OFT1_48.avi
